Company,NSE_Symbol
Oracle Finl. Service,
JBF Industries,
Polylink Polymers(I),
High EnergyBatteries,
Panasonic Energy Ind,
Future Consumer,
Goodricke Group,
Kaira Can Co,
Mah & Mah Finl. Serv,
Shriram City Union,
Ujjivan Fin-Amalgama,
Chola Invest & Fin.,
Motilal Oswal Fin,
SREI Infra Fin,
Akanksha Power&Infra,
Australian Premium,
Garden Reach Ship,
Solar Industries Ind,
Aashka Hospitals,
Krishna Inst.Medi,
Ujjivan Fin-Amalgama,
Srikalahasthi Pipes,
Eco Recycling,
Hariyana Ship Break,
Indag Rubber,
General Ins. Corpn.,
ICICI Lombard Gen.,
Fert Chem Travancore,
JP Associate,
Mangalore Amalgamati,
Shree Pushkar Chem,
India Power Corpn.,
Dixon Tech. (India),
Ashapuri Gold Ornam.,
Eighty Jewellers,
Koura Fine Diamond,
PNGS Gargi Fashion,
Utssav CZ Gold Jewel,
Motilal Oswal Fin,
Nippon LifeInd.Asset,
Prudent Corporate,
Cholamandalam Fin.,
Enkei Wheels (India),
Rane Brake Amalgamat,
ZF Commercial Vehic.,
Adani Ports &Special,
Allcargo Gati-Amalga,
SpiceJet,
AVP Infracon,
Agarwal Indl. Corpn.,
Coromandel Engg. Co,
Effwa Infra&Research,
Ganesh Infraworld,
Generic Eng. & Const,
IL&FS Engg. & Const.,
K2 Infragen,
Kay Cee Energy&Infra,
Lakshya Powertech,
RBM Infracon,
Rajesh Power Serv.,
Reliance Indl. Infra,
Sterling and Wilson,
High EnergyBatteries,
Panasonic Energy Ind,
Galaxy Bearings,
IOL Chem & Pharma,
JB Chem & Pharma,
Piramal Ent - Amalga,
Amal,
Bombay Oxygen Inv.,
Deepak Fert & Petro,
Fert Chem Travancore,
Genpharmasec,
Hind Organic Chem,
IOL Chem & Pharma,
Indian Toners & Dev.,
Kisan Mouldings,
Kkalpana lnds. (I),
Mangalore Amalgamati,
Multibase India,
Polson,
Prima Plastics,
Punjab Chem. & Corp.,
RDB Rasayans,
Shree Pushkar Chem,
Shri Jagdamba Polymr,
Solar Industries Ind,
TGV SRACC,
Tanfac Industries,
Empire Industries,
Insilco,
Saint-Gobain Sekurit,
Triveni Glass,
IOL Chem & Pharma,
Foseco Crucible (I),
Uniply Inds,
AGS Transact Tech,
Vishal Fabrics,
Milkfood,
APM Industries,
Amarjothi Spg. Mills,
GTN Industries,
Gangotri Textile,
Gem Spinners,
JBF Industries,
Kandagiri Spg Mills,
PBM Polytex,
Patspin India,
Prag Bosimi Synthet.,
Sambandam Spg. Mills,
Shree Rajasthan Syn.,
Surat Trade & Merc.,
Suryavanshi Spg Mill,
Winsome Textile Ind.,
Waterbase,
Zeal Aqua,
Sanghi Ind. Amalgam,
Udaipur Cem. Amalgam,
Ballarpur Industries,
Camex,
Dynamic Industries,
Genpharmasec,
Indian Toners & Dev.,
Shree Pushkar Chem,
Crompt.Greaves Cons.,
Dixon Tech. (India),
Forbes & Company,
Reliance Capital,
Eros Internatl.Media,
TV18 Broad (Amalgam),
Punjab Chem. & Corp.,
TGV SRACC,
Amal,
Cochin Minerals&Rut.,
Hardcastle&Waud Mfg.,
Hind Fluorocarbons,
Indokem,
Jyoti Resins&Adhesiv,
Kemistar Corporation,
Multibase India,
Narmada Gelatines,
Polson,
Vikas WSP,
Yash Chemex,
