Company,Added under sector
3B Blackbio Dx Limited,New Listings - Uncategorized
Aarnav Fashions Limited,New Listings - Uncategorized
Aastha Spintex Limited,New Listings - Uncategorized
Abans Enterprises Limited,New Listings - Uncategorized
ABM Knowledgeware Limited,New Listings - Uncategorized
Automobile Corporation of Goa Limited,New Listings - Uncategorized
ACS Technologies Limited,New Listings - Uncategorized
Addi Industries Limited,New Listings - Uncategorized
Advait Energy Transitions Limited,New Listings - Uncategorized
Advik Capital Limited,New Listings - Uncategorized
Artemis Electricals and Projects Limited,New Listings - Uncategorized
Aequs Limited,New Listings - Uncategorized
Amir Chand Jagdish Kumar (Exports) Limited,New Listings - Uncategorized
Allcargo Global Limited,New Listings - Uncategorized
AK Capital Services Limited,New Listings - Uncategorized
Alfred Herbert India Limited,New Listings - Uncategorized
Algoquant Fintech Limited,New Listings - Uncategorized
Alpine Texworld Limited,New Listings - Uncategorized
Alufluoride Limited,New Listings - Uncategorized
Amagi Media Labs Limited,New Listings - Uncategorized
Amarjothi Spinning Mills Limited,New Listings - Uncategorized
Ambalal Sarabhai Enterprises Limited,New Listings - Uncategorized
Andrew Yule & Company Limited,New Listings - Uncategorized
Annapurna Swadisht Limited,New Listings - Uncategorized
Ansal Buildwell Limited,New Listings - Uncategorized
Apoorva Leasing Finance and Investment Company Limited,New Listings - Uncategorized
ARCL Organics Limited,New Listings - Uncategorized
Ardee Industries Limited,New Listings - Uncategorized
Arihant Foundations & Housing Limited,New Listings - Uncategorized
Aryaman Financial Services Limited,New Listings - Uncategorized
Ashika Global Securities Limited,New Listings - Uncategorized
Asian Tea & Exports Limited,New Listings - Uncategorized
Assam Entrade Limited,New Listings - Uncategorized
Austin Engineering Company  Limited,New Listings - Uncategorized
Avance Technologies Limited,New Listings - Uncategorized
Axtel Industries Limited,New Listings - Uncategorized
Aye Finance Limited,New Listings - Uncategorized
Azad India Mobility Limited,New Listings - Uncategorized
Bajaj Steel Industries Limited,New Listings - Uncategorized
Batliboi Limited,New Listings - Uncategorized
BCPL Railway Infrastructure Limited,New Listings - Uncategorized
Beekay Steel Industries Limited,New Listings - Uncategorized
Benares Hotels Limited,New Listings - Uncategorized
Bharat Coking Coal Limited,New Listings - Uncategorized
Birla Precision Technologies Limited,New Listings - Uncategorized
Behari Lal Engineering Limited,New Listings - Uncategorized
Balmer Lawrie Investments Limited,New Listings - Uncategorized
Blue Cloud Softech Solutions Limited,New Listings - Uncategorized
BN Agrochem Limited,New Listings - Uncategorized
B & A Limited,New Listings - Uncategorized
Bonlon Industries Limited,New Listings - Uncategorized
Bharat Parenterals Limited,New Listings - Uncategorized
Brahmaputra Infrastructure Limited,New Listings - Uncategorized
Bright Brothers Limited,New Listings - Uncategorized
Bhilwara Technical Textiles Limited,New Listings - Uncategorized
Shankara Buildpro Limited,New Listings - Uncategorized
Ceinsys Tech Limited,New Listings - Uncategorized
Confidence Futuristic Energetech Limited,New Listings - Uncategorized
CG Vak Software & Exports Limited,New Listings - Uncategorized
Clean Max Enviro Energy Solutions Limited,New Listings - Uncategorized
Caliber Mining and Logistics Limited,New Listings - Uncategorized
Central Mine Planning & Design Institute Limited,New Listings - Uncategorized
CMR Green Technologies Limited,New Listings - Uncategorized
John Cockerill India Limited,New Listings - Uncategorized
Comfort Intech Limited,New Listings - Uncategorized
Competent Automobiles Company Limited,New Listings - Uncategorized
Waterways Leisure Tourism Limited,New Listings - Uncategorized
CORONA Remedies Limited,New Listings - Uncategorized
Cravatex Limited,New Listings - Uncategorized
Cressanda Railway Solutions Limited,New Listings - Uncategorized
CSM Technologies Limited,New Listings - Uncategorized
DCM Shriram International Limited,New Listings - Uncategorized
Deccan Gold Mines Limited,New Listings - Uncategorized
Deep Polymers Limited,New Listings - Uncategorized
Dhabriya Polywood Limited,New Listings - Uncategorized
Dhatre Udyog Limited,New Listings - Uncategorized
Dhoot Transmission Limited,New Listings - Uncategorized
Disa India Limited,New Listings - Uncategorized
Dr Agarwals Eye Hospital Limited,New Listings - Uncategorized
DCM Shriram Fine Chemicals Limited,New Listings - Uncategorized
East West Freight Carriers Limited,New Listings - Uncategorized
EBIX Limited,New Listings - Uncategorized
EKI Energy Services Limited,New Listings - Uncategorized
Elantas Beck India Limited,New Listings - Uncategorized
EL CID Investments Limited,New Listings - Uncategorized
Elitecon International Limited,New Listings - Uncategorized
Elpro International Limited,New Listings - Uncategorized
Empower India Limited,New Listings - Uncategorized
Fedders Holding Limited,New Listings - Uncategorized
Fractal Analytics Limited,New Listings - Uncategorized
Fredun Pharmaceuticals Limited,New Listings - Uncategorized
Frontier Springs Limited,New Listings - Uncategorized
Gaudium IVF and Women Health Limited,New Listings - Uncategorized
Globe International Carriers Limited,New Listings - Uncategorized
GKB Ophthalmics Limited,New Listings - Uncategorized
Gujarat Kidney And Super Speciality Limited,New Listings - Uncategorized
Gujarat Natural Resources Limited,New Listings - Uncategorized
Gradiente Infotainment Limited,New Listings - Uncategorized
Grand Oak Canyons Distillery Limited,New Listings - Uncategorized
Grauer & Weil India Limited,New Listings - Uncategorized
Graviss Hospitality Limited,New Listings - Uncategorized
GSP Crop Science Limited,New Listings - Uncategorized
Gyftr Limited,New Listings - Uncategorized
Halder Venture Limited,New Listings - Uncategorized
Hampton Sky Realty Limited,New Listings - Uncategorized
Hawkins Cookers Limited,New Listings - Uncategorized
Hazoor Multi Projects Limited,New Listings - Uncategorized
HB Estate Developers Limited,New Listings - Uncategorized
HB Portfolio Limited,New Listings - Uncategorized
Hexagon Nutrition Limited,New Listings - Uncategorized
Hindustan Adhesives Limited,New Listings - Uncategorized
Hind Aluminium Industries Limited,New Listings - Uncategorized
Hariyana Ship Breakers Limited,New Listings - Uncategorized
ICICI Prudential Asset Management Company Limited,New Listings - Uncategorized
INDO-MIM Limited,New Listings - Uncategorized
Industrial & Prudential Investment Company Limited,New Listings - Uncategorized
Innovision Limited,New Listings - Uncategorized
Investment & Precision Castings Limited,New Listings - Uncategorized
IP Rings Limited,New Listings - Uncategorized
I S T Limited,New Listings - Uncategorized
ITL Industries Limited,New Listings - Uncategorized
The Indian Wood Products Company Limited,New Listings - Uncategorized
Jaykay Enterprises Limited,New Listings - Uncategorized
Jenburkt Pharmaceuticals Limited,New Listings - Uncategorized
Juniper Green Energy Limited,New Listings - Uncategorized
Jyoti Resins & Adhesives Limited,New Listings - Uncategorized
Kamanwala Housing Construction Limited,New Listings - Uncategorized
Kanchi Karpooram Limited,New Listings - Uncategorized
Kanco Tea & Industries Limited,New Listings - Uncategorized
Kennametal India Limited,New Listings - Uncategorized
Kiran Vyapar Limited,New Listings - Uncategorized
Kirloskar Ferrous Industries Limited,New Listings - Uncategorized
OnEMI Technology Solutions Limited,New Listings - Uncategorized
KJMC Financial Services Limited,New Listings - Uncategorized
Kilburn Engineering Limited,New Listings - Uncategorized
K M C Speciality Hospitals (India) Limited,New Listings - Uncategorized
Knack Packaging Limited,New Listings - Uncategorized
KN Agri Resources Limited,New Listings - Uncategorized
Kothari Industrial Corporation Limited,New Listings - Uncategorized
Kotyark Industries Limited,New Listings - Uncategorized
Kovai Medical Center & Hospital Limited,New Listings - Uncategorized
Kwality Pharmaceuticals Limited,New Listings - Uncategorized
Krishna Defence And Allied Industries Limited,New Listings - Uncategorized
KSE Limited,New Listings - Uncategorized
KSH International Limited,New Listings - Uncategorized
KSR Footwear Limited,New Listings - Uncategorized
Kusumgar Limited,New Listings - Uncategorized
Kwality Wall's (India) Limited,New Listings - Uncategorized
Ladderup Finance Limited,New Listings - Uncategorized
Lancer Container Lines Limited,New Listings - Uncategorized
Laser Power & Infra Limited,New Listings - Uncategorized
Lohia Corp Limited,New Listings - Uncategorized
LEAP India Limited,New Listings - Uncategorized
Lee & Nee Softwares Exports Limited,New Listings - Uncategorized
Le Merite Exports Limited,New Listings - Uncategorized
LKP Securities Limited,New Listings - Uncategorized
Lotus Chocolate Company Limited,New Listings - Uncategorized
Madhav Infra Projects Limited,New Listings - Uncategorized
Mafatlal Industries Limited,New Listings - Uncategorized
Majestic Auto Limited,New Listings - Uncategorized
Makers Laboratories Limited,New Listings - Uncategorized
Manbro Industries Limited,New Listings - Uncategorized
Manipal Health Enterprises Limited,New Listings - Uncategorized
Mac Charles India Limited,New Listings - Uncategorized
Medi Caps Limited,New Listings - Uncategorized
Meesho Limited,New Listings - Uncategorized
Menon Pistons Limited,New Listings - Uncategorized
Mercantile Ventures Limited,New Listings - Uncategorized
Mercury Ev-Tech Limited,New Listings - Uncategorized
Metroglobal Limited,New Listings - Uncategorized
Meghna Infracon Infrastructure Limited,New Listings - Uncategorized
Milky Mist Dairy Food Limited,New Listings - Uncategorized
Minal Industries Limited,New Listings - Uncategorized
M.K. Exim (India) Limited,New Listings - Uncategorized
Media Matrix Worldwide Limited,New Listings - Uncategorized
Modi Naturals Limited,New Listings - Uncategorized
Mohite Industries Limited,New Listings - Uncategorized
Molbio Diagnostics Limited,New Listings - Uncategorized
MPDL Limited,New Listings - Uncategorized
Mangalam Seeds Limited,New Listings - Uncategorized
Mukesh Babu Financial Services Limited,New Listings - Uncategorized
MV Electrosystems Limited,New Listings - Uncategorized
Mysore Petro Chemicals Limited,New Listings - Uncategorized
National Standard (India) Limited,New Listings - Uncategorized
Neelamalai Agro Industries Limited,New Listings - Uncategorized
Nephrocare Health Services Limited,New Listings - Uncategorized
Nicco Parks & Resorts Limited,New Listings - Uncategorized
Nimbus Projects Limited,New Listings - Uncategorized
Nirlon Limited,New Listings - Uncategorized
Novartis India Limited,New Listings - Uncategorized
NTC Industries Limited,New Listings - Uncategorized
Odyssey Corporation Limited,New Listings - Uncategorized
Omnitech Engineering Limited,New Listings - Uncategorized
Om Power Transmission Limited,New Listings - Uncategorized
One Global Service Provider Limited,New Listings - Uncategorized
Onix Solar Energy Limited,New Listings - Uncategorized
Optimus Finance Limited,New Listings - Uncategorized
Oriental Rail Infrastructure Limited,New Listings - Uncategorized
Pacific Industries Limited,New Listings - Uncategorized
Panchmahal Steel Limited,New Listings - Uncategorized
Panorama Studios International Limited,New Listings - Uncategorized
Park Medi World Limited,New Listings - Uncategorized
Parnax Lab Limited,New Listings - Uncategorized
Permanent Magnets Limited,New Listings - Uncategorized
Phoenix International Limited,New Listings - Uncategorized
Pioneer Investcorp Limited,New Listings - Uncategorized
Paul Merchants Limited,New Listings - Uncategorized
PNGS Reva Diamond Jewellery Limited,New Listings - Uncategorized
POCL Enterprises Limited,New Listings - Uncategorized
Polyspin Exports Limited,New Listings - Uncategorized
Powerica Limited,New Listings - Uncategorized
Pradeep Metals Limited,New Listings - Uncategorized
Premco Global Limited,New Listings - Uncategorized
Prismx Global Ventures Limited,New Listings - Uncategorized
QMS Medical Allied Services Limited,New Listings - Uncategorized
Quint Digital Limited,New Listings - Uncategorized
Advit Jewels Limited,New Listings - Uncategorized
RIR Power Electronics Limited,New Listings - Uncategorized
RMC Switchgears Limited,New Listings - Uncategorized
RDB Real Estate Constructions Limited,New Listings - Uncategorized
RRIL Limited,New Listings - Uncategorized
RSD Finance Limited,New Listings - Uncategorized
Rajputana Stainless Limited,New Listings - Uncategorized
RTS Power Corporation Limited,New Listings - Uncategorized
Rudra Global Infra Products Limited,New Listings - Uncategorized
SAB Industries Limited,New Listings - Uncategorized
Shalibhadra Finance Limited,New Listings - Uncategorized
Sai Capital Limited,New Listings - Uncategorized
Sai Parenterals Limited,New Listings - Uncategorized
Sambandam Spinning Mills Limited,New Listings - Uncategorized
Shree Ajit Pulp & Paper Limited,New Listings - Uncategorized
Sayaji Industries Limited,New Listings - Uncategorized
SBI Funds Management Limited,New Listings - Uncategorized
Scan Steels Limited,New Listings - Uncategorized
SEDEMAC Mechatronics Limited,New Listings - Uncategorized
Shanti Educational Initiatives Limited,New Listings - Uncategorized
SGL Resources Limited,New Listings - Uncategorized
Shree Ganesh Remedies Limited,New Listings - Uncategorized
Shadowfax Technologies Limited,New Listings - Uncategorized
Shardul Securities Limited,New Listings - Uncategorized
Shri Bajrang Alliance Limited,New Listings - Uncategorized
Shervani Industrial Syndicate Limited,New Listings - Uncategorized
Shilp Gravures Limited,New Listings - Uncategorized
Sharat Industries Limited,New Listings - Uncategorized
Shiprocket Limited,New Listings - Uncategorized
Shiva Global Agro Industries Limited,New Listings - Uncategorized
Shiva Cement Limited,New Listings - Uncategorized
Shraddha Prime Projects Limited,New Listings - Uncategorized
Shri Krishna Devcon Limited,New Listings - Uncategorized
Shri Jagdamba Polymers Limited,New Listings - Uncategorized
Shukra Pharmaceuticals Limited,New Listings - Uncategorized
Sicagen India Limited,New Listings - Uncategorized
Superior Industrial Enterprises Limited,New Listings - Uncategorized
Sika Interplant Systems Limited,New Listings - Uncategorized
Simplex Realty Limited,New Listings - Uncategorized
Singer India Limited,New Listings - Uncategorized
SKF India (Industrial) Limited,New Listings - Uncategorized
Sonal Mercantile Limited,New Listings - Uncategorized
SPEL Semiconductor Limited,New Listings - Uncategorized
Sri KPR Industries Limited,New Listings - Uncategorized
Shree Ram Twistex Limited,New Listings - Uncategorized
Steel Strips Infrastructures Limited,New Listings - Uncategorized
Sudeep Pharma Limited,New Listings - Uncategorized
Sumedha Fiscal Services Limited,New Listings - Uncategorized
Sunil Healthcare Limited,New Listings - Uncategorized
Sunrakshakk Industries India Limited,New Listings - Uncategorized
Sunshield Chemicals Limited,New Listings - Uncategorized
Super Tannery Limited,New Listings - Uncategorized
Suryalata Spinning Mills Limited,New Listings - Uncategorized
S V Global Mill Limited,New Listings - Uncategorized
Swaraj Suiting Limited,New Listings - Uncategorized
Swarnsarita Jewels India Limited,New Listings - Uncategorized
Swiss Military Consumer Goods Limited,New Listings - Uncategorized
Taal Tech Limited,New Listings - Uncategorized
Tamboli Industries Limited,New Listings - Uncategorized
Taneja Aerospace & Aviation Limited,New Listings - Uncategorized
TCC Concept Limited,New Listings - Uncategorized
Technocraft Ventures Limited,New Listings - Uncategorized
TechNVision Ventures Limited,New Listings - Uncategorized
Terai Tea Company Limited,New Listings - Uncategorized
TGV Sraac Limited,New Listings - Uncategorized
Thacker & Company Limited,New Listings - Uncategorized
Thakkers Developers Limited,New Listings - Uncategorized
Timex Group India Limited,New Listings - Uncategorized
Toyam Sports Limited,New Listings - Uncategorized
Transcorp International Limited,New Listings - Uncategorized
Triton Valves Limited,New Listings - Uncategorized
Turtlemint Fintech Solutions Limited,New Listings - Uncategorized
Tuticorin Alkali Chemicals & Fertilizers Limited,New Listings - Uncategorized
Ultramarine & Pigments Limited,New Listings - Uncategorized
U P Hotels Limited,New Listings - Uncategorized
Vedanta Aluminium Metal Limited,New Listings - Uncategorized
Shri Vasuprada Plantations Limited,New Listings - Uncategorized
VEDAVAAG Systems Limited,New Listings - Uncategorized
Vedanta Power Limited,New Listings - Uncategorized
Veljan Denison Limited,New Listings - Uncategorized
Vibrant Global Capital Limited,New Listings - Uncategorized
Vidya Wires Limited,New Listings - Uncategorized
Vijay Solvex Limited,New Listings - Uncategorized
Virat Industries Limited,New Listings - Uncategorized
Virtual Global Education Limited,New Listings - Uncategorized
Vedanta Iron and Steel Limited,New Listings - Uncategorized
Vital Chemtech Limited,New Listings - Uncategorized
Vivo Bio Tech Limited,New Listings - Uncategorized
Virtuoso Optoelectronics Limited,New Listings - Uncategorized
Vedanta Oil and Gas Limited,New Listings - Uncategorized
Voith Paper Fabrics India Limited,New Listings - Uncategorized
VTM Limited,New Listings - Uncategorized
Wakefit Innovations Limited,New Listings - Uncategorized
Wardwizard Innovations & Mobility Limited,New Listings - Uncategorized
Welspun Specialty Solutions Limited,New Listings - Uncategorized
WH Brady & Company Limited,New Listings - Uncategorized
WPIL Limited,New Listings - Uncategorized
Xtranet Technologies Limited,New Listings - Uncategorized
Yogi Limited,New Listings - Uncategorized
ZF Steering Gear (India) Limited,New Listings - Uncategorized
Saraswati Commercial India Limited,New Listings - Uncategorized
